
INSERT INTO CURSOS (COD_CUR, DESCRIPCION, HORAS, TUTOR) VALUES ('PROG', 'PROGRAMACIÓN', 300, 'PEPE');
INSERT INTO CURSOS (COD_CUR, DESCRIPCION, HORAS, TUTOR) VALUES ('RAL', 'REDES LOCALES', 200, 'JUAN');
INSERT INTO CURSOS (COD_CUR, DESCRIPCION, HORAS, TUTOR) VALUES ('ING', 'INGLÉS', 100, 'LUISA');
INSERT INTO CURSOS (COD_CUR, DESCRIPCION, HORAS, TUTOR) VALUES ('OFI', 'OFIMÁTICA', 200, 'EVA');
INSERT INTO ALUMNOS (COD_ALU, COD_CUR, DNI, APELLIDOS, NOMBRE) VALUES ('A201200001','PROG','11111111A','FERNANDEZ','LUIS');
INSERT INTO ALUMNOS (COD_ALU, COD_CUR, DNI, APELLIDOS, NOMBRE) VALUES ('A201200002','PROG','22222222B','PEREZ','MARIA');
INSERT INTO ALUMNOS (COD_ALU, COD_CUR, DNI, APELLIDOS, NOMBRE) VALUES ('A201200003','RAL','33333333C','LOPEZ','ROSA');
INSERT INTO ALUMNOS (COD_ALU, COD_CUR, DNI, APELLIDOS, NOMBRE) VALUES ('A201200004','RAL','44444444D','RAMOS','JULIO');
INSERT INTO ALUMNOS (COD_ALU, COD_CUR, DNI, APELLIDOS, NOMBRE) VALUES ('A201200005','ING','55555555E','GARCIA','ALBERTO');
INSERT INTO ALUMNOS (COD_ALU, COD_CUR, DNI, APELLIDOS, NOMBRE) VALUES ('A201200006','ING','66666666F','ALONSO','FERNANDO');
INSERT INTO ALUMNOS (COD_ALU, COD_CUR, DNI, APELLIDOS, NOMBRE) VALUES ('A201200007','OFI','77777777G','SANTOS','ANA');
INSERT INTO ALUMNOS (COD_ALU, COD_CUR, DNI, APELLIDOS, NOMBRE) VALUES ('A201200008','OFI','88888888H','JONES','TADEO');
INSERT INTO NOTAS (COD_CUR, COD_ALU, NOTA1, NOTA2, NOTA3, MEDIA) VALUES ('PROG','A201200001',0,0,0,0);
INSERT INTO NOTAS (COD_CUR, COD_ALU, NOTA1, NOTA2, NOTA3, MEDIA) VALUES ('PROG','A201200002',0,0,0,0);
INSERT INTO NOTAS (COD_CUR, COD_ALU, NOTA1, NOTA2, NOTA3, MEDIA) VALUES ('RAL','A201200003',0,0,0,0);
INSERT INTO NOTAS (COD_CUR, COD_ALU, NOTA1, NOTA2, NOTA3, MEDIA) VALUES ('RAL','A201200004',0,0,0,0);
INSERT INTO NOTAS (COD_CUR, COD_ALU, NOTA1, NOTA2, NOTA3, MEDIA) VALUES ('ING','A201200005',0,0,0,0);
INSERT INTO NOTAS (COD_CUR, COD_ALU, NOTA1, NOTA2, NOTA3, MEDIA) VALUES ('ING','A201200006',0,0,0,0);
INSERT INTO NOTAS (COD_CUR, COD_ALU, NOTA1, NOTA2, NOTA3, MEDIA) VALUES ('OFI','A201200007',0,0,0,0);
INSERT INTO NOTAS (COD_CUR, COD_ALU, NOTA1, NOTA2, NOTA3, MEDIA) VALUES ('OFI','A201200008',0,0,0,0);











